{
  "random": {
    "rmse_history": [
      1.5560943415950887,
      1.4852946594702787,
      1.450303683386408,
      1.4191149777142322,
      1.3300942739411554,
      1.2540506838039092,
      1.206607491867255,
      1.1502826400203832,
      1.0999466168702974,
      1.032885738318826
    ],
    "label_efficiency_gain": 0.2556197036348872
  },
  "uncertainty": {
    "rmse_history": [
      1.565555838708579,
      1.5168764526598033,
      1.489421276799164,
      1.4487714636442048,
      1.3815856143865402,
      1.3389606300681902,
      1.2697829780516101,
      1.2373519840777556,
      1.1863534658580304,
      1.1326562185871252
    ],
    "label_efficiency_gain": 0.2531788952194802
  },
  "expected_improvement": {
    "rmse_history": [
      1.5744508267734807,
      1.5213602371321047,
      1.4627936806888424,
      1.405751009679078,
      1.3663971933901449,
      1.3237060746774265,
      1.2819607269093463,
      1.2405771469695037,
      1.233410098986913,
      1.1752817986592208
    ],
    "label_efficiency_gain": 0.2488738037207228
  }
}