{
  "classical_label_budget": 1000,
  "quantum_label_budget": 680,
  "label_efficiency_gain": 0.32,
  "rmse_history_quantum": [
    1.3430471707975442,
    1.2726473297351393,
    1.2201518416932038,
    1.1695574888571159,
    1.0900471369705775,
    1.0170253419019544,
    0.9583037459336272,
    0.8951413200101914,
    0.8349733084351485,
    0.7664428691594127
  ],
  "rmse_history_classical": [
    1.4687939797486282,
    1.4365718991029177,
    1.39723220607853,
    1.3685046181482103,
    1.3331797115707307,
    1.2845867869418983,
    1.2482742947827232,
    1.1986854687744333,
    1.1674699717875061,
    1.1269707126776436
  ]
}